,ground_truth,answer,question,contexts
0,0,"1. Combine all ingredients in a pot, then cover with water or broth. Cook on medium heat until rice is done.""","Garlic powder,Salt,Cooking oil","1 minced garlic clove  
1 tsp. finely grated lime zest  
2 T. lime juice  
½ tsp. kosher salt  
2 T. minced cilantro (optional and after cooking)  
 
1. Combi ne all ingredients except the cilantro and cook in a rice cooker.   
2. Add cilantro if desired after rice is finished cooking.1 minced garlic clove  
1 tsp. finely grated lime zest  
2 T. lime juice  
½ tsp. kosher salt  
2 T. minced cilantro (optional and after cooking)  
 
1. Combi ne all ingredients except the cilantro and cook in a rice cooker.   
2. Add cilantro if desired after rice is finished cooking."
1,1,"Cream Prawns Recipe - How to make Cream Prawns Recipe in Indian Cooking at Kitchen Tadka. Cream prawn recipe with step-by-step instructions, cooking tips and videos on","cream,flour,onion,green chilli,tumeric,powder,cumin seeds","½ capsicum + 1 green chilli + ½ cup  water measured in big sized coﬀee mug)Khaskhas/ poppy seeds paste (8-10 tsp  poppy seeds + ½ cup water  measured in big sized coﬀee mug)Onion paste 1 onion
Green chillies As per taste
Turmeric / haldi 1 tsp 
Salt {1 tsp salt for marinating prawns  3 tsp  and 2 tsp salt for cooking}Red chilli powder 1 tsp 
Mustard oil 2 tsp
Note
Cover the top with parchment paper to avoid ice crystal on top.
BACK TO INDEX½ capsicum + 1 green chilli + ½ cup  water measured in big sized coﬀee mug)Khaskhas/ poppy seeds paste (8-10 tsp  poppy seeds + ½ cup water  measured in big sized coﬀee mug)Onion paste 1 onion
Green chillies As per taste
Turmeric / haldi 1 tsp 
Salt {1 tsp salt for marinating prawns  3 tsp  and 2 tsp salt for cooking}Red chilli powder 1 tsp 
Mustard oil 2 tsp
Note
Cover the top with parchment paper to avoid ice crystal on top.
BACK TO INDEX"
2,2,"Sambar:
1) Roast chana","garlic,carrots,parsnips,curry powder,rice,chat masala","Vada 
Sambhar
FOR SAMBHAR
Toor dal ½ cup 
Tomato 1
Turmeric / haldi ¼ tsp 
Water 1½ cup 
Oil 3 tsp 
Mustard / rai 1 tsp 
Hing / asaofetida A pinch of 
Dried red chilli 1 
Curry leaves few 
Green chilli, slit 2 
Onion, petals ½ 
Tamarind extract ½ cup Jaggery / gud ½ tsp 
Salt 1 tsp 
Water 1½ cup 
Sambar powder 1 tbsp 
Ghee / clari/f_ied butter 1 tbsp FOR VADA
Urad dal 1 cupVada 
Sambhar
FOR SAMBHAR
Toor dal ½ cup 
Tomato 1
Turmeric / haldi ¼ tsp 
Water 1½ cup 
Oil 3 tsp 
Mustard / rai 1 tsp 
Hing / asaofetida A pinch of 
Dried red chilli 1 
Curry leaves few 
Green chilli, slit 2 
Onion, petals ½ 
Tamarind extract ½ cup Jaggery / gud ½ tsp 
Salt 1 tsp 
Water 1½ cup 
Sambar powder 1 tbsp 
Ghee / clari/f_ied butter 1 tbsp FOR VADA
Urad dal 1 cup"
3,3,"Combine all these ingredients in a bowl, mix well. Add 1 cup water to it and let it sit for some time before using it to coat the vegetables before cooking them.""","flour,garlic,coriander,chilli powder,garam masala,haldi powder,green chilli","Hing ¼ tsp
82
FOR BATTERCabbage 1 small
Capsicum 1
Onion 1-2
Carrot 1-2
Coriander leaves ..Green chilli  1-2
Suji/Rava 1 cup
Salt ½ tsp
Garam masala powder ½ tspBlack pepper ¼tsp
Chilli /f_lakes ½tsp
Fresh curd 1/4 cup
BACK TO INDEXHing ¼ tsp
82
FOR BATTERCabbage 1 small
Capsicum 1
Onion 1-2
Carrot 1-2
Coriander leaves ..Green chilli  1-2
Suji/Rava 1 cup
Salt ½ tsp
Garam masala powder ½ tspBlack pepper ¼tsp
Chilli /f_lakes ½tsp
Fresh curd 1/4 cup
BACK TO INDEX"
4,4,Semolina Kulfi,"semolina,khoya,cooking oil,cardamon powder,water","recipe book - grange town primary school
page 20
INGREDIENT
2 cups sugar
1/2 cup semolina / rava7-8 strains saffron700 grams khoya400 grams refined cooking oil 2 cups water1 teaspoon cardamon powderBanglaya culinary style originating in Bengal, a region in the 
eastern part of the Indian subcontinent, which is 
now divided between Bangladesh and West Bengal
subtle (yet sometimes fiery) flavours
COOKING STEP
1 Mix the semolina with khoya thoroughlyrecipe book - grange town primary school
page 20
INGREDIENT
2 cups sugar
1/2 cup semolina / rava7-8 strains saffron700 grams khoya400 grams refined cooking oil 2 cups water1 teaspoon cardamon powderBanglaya culinary style originating in Bengal, a region in the 
eastern part of the Indian subcontinent, which is 
now divided between Bangladesh and West Bengal
subtle (yet sometimes fiery) flavours
COOKING STEP
1 Mix the semolina with khoya thoroughly"
5,5,"Make cookies with 1 cup of powdered sugar. Cream butter and sugar together until creamy. Mix in cocoa, egg whites and coffee. Sift flour into a bowl. Add vanilla essence to melted chocolate, then mix with flour and fold into the wet mixture. Bake at 350 degree Fahrenheit for about 20 minutes or until a tester comes out clean. Dust with cocoa powder once cooled.
Note: You will need to adjust amount of coffee to your taste as it can be quite strong.""","dark chocolate,coffee,cacao,eggs,powdered sugar","Powdered Sugar 1 cup  (brown sugar + (3/4 cup + white sugar) 1/4 cup)Unsalted Butter 100 g Vanilla essence 1 tsp Dark chocolate 1 cup Eggs 2 
Cocoa powder for dusting 1 tbsp 
CREATIVITY IN ADVERSITY
 7
BACK TO INDEXPowdered Sugar 1 cup  (brown sugar + (3/4 cup + white sugar) 1/4 cup)Unsalted Butter 100 g Vanilla essence 1 tsp Dark chocolate 1 cup Eggs 2 
Cocoa powder for dusting 1 tbsp 
CREATIVITY IN ADVERSITY
 7
BACK TO INDEX"
6,6,"For 8 servings  
Melt butter in a heavy saucepan over medium heat; add onion and garlic and cook until the onion is translucent. Cook for about 10 minutes or until tender. Add potatoes and leeks; cook for about 30 minutes or until done. Remove from heat and puree in","onion,potatoes,leeks,vegetable stock,cream,Salt,pepper","70 
 
 
 Broccoli and Aged Cheddar Soup  
 
½ yellow  onion, chopped  
3 large garlic cloves, minced  
Olive oil or butter  
1 head of broccoli and stem, woody part of stem removed and cut into smaller pieces  
2 palm size Yukon gold potatoes, peeled and cubed  
1 large leaf of chard, chopped  
2 cups vegetable or chick en stock (can be made canned or made from bouillon)  
1 cup cream, half and half, or milk  
½ to 1 cup aged cheddar cheese  
Salt and pepper to taste70 
 
 
 Broccoli and Aged Cheddar Soup  
 
½ yellow  onion, chopped  
3 large garlic cloves, minced  
Olive oil or butter  
1 head of broccoli and stem, woody part of stem removed and cut into smaller pieces  
2 palm size Yukon gold potatoes, peeled and cubed  
1 large leaf of chard, chopped  
2 cups vegetable or chick en stock (can be made canned or made from bouillon)  
1 cup cream, half and half, or milk  
½ to 1 cup aged cheddar cheese  
Salt and pepper to taste"
7,7,"Mix mango puree with 3 tbsp sugar, then add water to make a syrup. Pour over bread slices and cut into wedges. To make whipped cream, beat eggs, add 2 tablespoons caster sugar, 1 tablespoon vanilla extract and pour on top of fruit.""","caster,sugar,eggs,mango,double cream","55
Mango 1 1/2 /f_inely chopped 
Mango puree 1/2 
Sugar 3 tbsp
Water 4 tbsp
Bread slices 12Whipping cream 1 1/2 cup
BACK TO INDEX55
Mango 1 1/2 /f_inely chopped 
Mango puree 1/2 
Sugar 3 tbsp
Water 4 tbsp
Bread slices 12Whipping cream 1 1/2 cup
BACK TO INDEX"
8,8,"Mix Jaggery and small cardamom; roast them in oil. Add mushroom pieces to it. Heat until the jaggery melts completely and turn brownish-black. Turn off the heat when it reaches this point."" ","Mushroom,Ghee,Small cardamom,Jaggery,Oil","Jaggery /Sugar 150gm 
 Oil t o fry
DEVELOPED BY
Krishi Vigyan Kendra Harnaut (Nalanda)Jaggery /Sugar 150gm 
 Oil t o fry
DEVELOPED BY
Krishi Vigyan Kendra Harnaut (Nalanda)"
9,9,"Coffee milkshake.""","Milk,Sugar","Milk 2.5 to 3 cups 
(you can also use soy milk or almond 
milk or cashew milk. i used cashew milk.)
Coconut sugar or unre/f_ined organic cane Sugar As required
Ice cubes (optional) Few 
76
BACK TO INDEXMilk 2.5 to 3 cups 
(you can also use soy milk or almond 
milk or cashew milk. i used cashew milk.)
Coconut sugar or unre/f_ined organic cane Sugar As required
Ice cubes (optional) Few 
76
BACK TO INDEX"
10,10,"To make dough, grind together whole wheat flour and powdered sugar. Heat ghee and jaggery, once they are melted add it to the ground mixture and mix well.
Note: I do not know if this recipe is correct or not, please try it at your own risk.""","Bhuna Chana,Jaggery,Ghee,Til","Jaggery 40g Mrs Ankita Debnath is a B.Tech (Biotechnology) Graduate and an ISO 27001 certi/f_ied auditor in Information Security management systems. She is multitalented and besides being a good cook she is also a trained dancer. She is an active member of NWWA and gives belly dance and Natyashastra dance lessons in Karwar.
Mrs Ankita Debnath
NSRY Karwar
CREATIVITY IN ADVERSITYTo make dough
Whole wheat /f_lour 1&1/2 Kg Powdered sugar  3 tbsp
(from 40g of Powdered sugar)Jaggery 40g Mrs Ankita Debnath is a B.Tech (Biotechnology) Graduate and an ISO 27001 certi/f_ied auditor in Information Security management systems. She is multitalented and besides being a good cook she is also a trained dancer. She is an active member of NWWA and gives belly dance and Natyashastra dance lessons in Karwar.
Mrs Ankita Debnath
NSRY Karwar
CREATIVITY IN ADVERSITYTo make dough
Whole wheat /f_lour 1&1/2 Kg Powdered sugar  3 tbsp
(from 40g of Powdered sugar)"
11,11,"Hummus dip with groundnuts, beans, cheese and cream cheese. (Groundnut butter and oil)

Hope you enjoy this recipe!","Groundnut,Milk,powder,Sugar,Oil","hummus, beans, cheese, cream cheese, etc.)hummus, beans, cheese, cream cheese, etc.)"
12,12,"To prepare this dish you will need to start with 1 cup of legumes that have been cooked and mashed (such as kidney beans). You will also need a small amount of milk powder, a tablespoon or two of sugar, and a teaspoon of vitamin oil. Mash these ingredients together using a fork until they are well blended, then add the following: 1/2 cup of hummus, 1/4 cup of cheese cream, 1/4 cup of cream cheese, 1 tablespoon of finely chopped onion and any other desired ingredients. Mash it all together well with your hands until it reaches a smooth consistency.","Legumes,milk powder,Oil,Sugar,Vitamin","hummus, beans, cheese, cream cheese, etc.)hummus, beans, cheese, cream cheese, etc.)"
13,13,This is a very good recipe to keep you,"Oat flour,Vegetable oil,Sugar,Salt,Turmeric,Cardamom,Cinnamon,Ajwain,Cumin,Black pepper,Cloves,Fenugreek,Mustard seeds,Bay leaves","½ capsicum + 1 green chilli + ½ cup  water measured in big sized coﬀee mug)Khaskhas/ poppy seeds paste (8-10 tsp  poppy seeds + ½ cup water  measured in big sized coﬀee mug)Onion paste 1 onion
Green chillies As per taste
Turmeric / haldi 1 tsp 
Salt {1 tsp salt for marinating prawns  3 tsp  and 2 tsp salt for cooking}Red chilli powder 1 tsp 
Mustard oil 2 tsp
Note
Cover the top with parchment paper to avoid ice crystal on top.
BACK TO INDEX½ capsicum + 1 green chilli + ½ cup  water measured in big sized coﬀee mug)Khaskhas/ poppy seeds paste (8-10 tsp  poppy seeds + ½ cup water  measured in big sized coﬀee mug)Onion paste 1 onion
Green chillies As per taste
Turmeric / haldi 1 tsp 
Salt {1 tsp salt for marinating prawns  3 tsp  and 2 tsp salt for cooking}Red chilli powder 1 tsp 
Mustard oil 2 tsp
Note
Cover the top with parchment paper to avoid ice crystal on top.
BACK TO INDEX"
14,14,"To prepare this rice flour based infant formula complementary food, combine all ingredients in a bowl until well mixed. Then transfer the mixture to a cooking pot with a capacity of about 1 litre or more (water level 60%), and heat","Rice flour,Protein isolates,Carrot,Spinach,Skimmed milk,Sugar,Salt","rice	flour,	protein	isolate,	dried	and	
powdered	spinach,	carrot;	skim	milk	
powder,	salt	and	sugar)
	 Mixing	of	all	ingredients	 Homogenization 	through	sifting
	 Packing
	 Storage P otato powder 28%
 Rice flour 65%
 Pr otein isolates 7%
 Carr ot 3%
 Spinach 3%
 Skimmed milk 10%
 Sug ar 10%
 Salt 1%
POT A TO FLOUR BASED INF ANT  COMPLEMENT AR Y FOODrice	flour,	protein	isolate,	dried	and	
powdered	spinach,	carrot;	skim	milk	
powder,	salt	and	sugar)
	 Mixing	of	all	ingredients	 Homogenization 	through	sifting
	 Packing
	 Storage P otato powder 28%
 Rice flour 65%
 Pr otein isolates 7%
 Carr ot 3%
 Spinach 3%
 Skimmed milk 10%
 Sug ar 10%
 Salt 1%
POT A TO FLOUR BASED INF ANT  COMPLEMENT AR Y FOOD"
15,15,"Boil egg in potato for 10 minutes.  Cube and mix with cheese and bacon bits.   Serve with Green Pepper and Salsa on top.""","eggs,potatoes,cheese,bacon,Green pepper,Salsa","hummus, beans, cheese, cream cheese, etc.)hummus, beans, cheese, cream cheese, etc.)"
16,16,"Here's a quick salad that incorporates some of the flavors you mentioned. In a large bowl, combine 4 cups mixed greens, chopped red onion and celery; toss with a simple vinaigrette (3 parts olive oil to 1 part rice vinegar). Top with sliced grilled chicken breast.","sesame oil,olive oil,sugar,salt,pepper,Ramen noodle","2. Spinach/romaine mixed with red onion, mandarin oranges, almonds an d ginger sesame 
dressing. Top with sliced grilled chicken for some extra protein.  
 
3. Spinach/romaine lettuce mixed with onions, peas,  celery, carrots, olives, and light balsamic 
vinaigrette. Top with sliced boiled egg for extra protein.  
 
4. Romaine/spinac h with green onion, grated parmesan cheese, croutons, and Caesar dressing.2. Spinach/romaine mixed with red onion, mandarin oranges, almonds an d ginger sesame 
dressing. Top with sliced grilled chicken for some extra protein.  
 
3. Spinach/romaine lettuce mixed with onions, peas,  celery, carrots, olives, and light balsamic 
vinaigrette. Top with sliced boiled egg for extra protein.  
 
4. Romaine/spinac h with green onion, grated parmesan cheese, croutons, and Caesar dressing."
17,17,"Mix in 1 tsp of red chilli powder (if desired), salt and 2-3 chopped green chillies to taste with boiling water, then add to quinoa.""","cloves,garlic,minced,quinoa,vegetable broth,black beans,tomatoes,corn,chili powder,cumin,Salt and pepper","Red chilli powder 1 tspHaldi 1/2 tsp
Dhaniya powder 3/4 tspCumin powder  1/2 tspGaram masala 1/4 tspGreen chillies  1-2
 (chopped)
Ginger 1 inch
Garlic 2-3 cloves
BACK TO INDEXRed chilli powder 1 tspHaldi 1/2 tsp
Dhaniya powder 3/4 tspCumin powder  1/2 tspGaram masala 1/4 tspGreen chillies  1-2
 (chopped)
Ginger 1 inch
Garlic 2-3 cloves
BACK TO INDEX"
18,18,"Rinse red lentils under cold water and soak for 20 minutes, then drain and rinse again.
In a large saucepan, cook over medium-high heat.
Add oil, onion, carrots, celery and garlic. Cook until vegetables are tender.
Add curry powder and lentils; stir to coat.
Reduce heat to low.
Simmer for 15 minutes or until liquid is absorbed by the lentil mixture.","olive oil,onion,carrots,celery,garlic,ginger,curry powder,red lentils,vegetable broth","Mayonnaise (plain or flavored)  
Ranch or other salad dressings  
Salsa 
Guacamole  
Mashed beans  
 
Protein:  
Deli meat  
Grilled chicken  
Cooked egg  
Sausage  
Roasted turkey or other meat  
Tuna  
Cheese  
Beans  
Tofu  
Veggie Burgers 
Egg salad (or chicken salad)  
Lentils  
 
Vegetables:  
Lettuce  
SpinachMayonnaise (plain or flavored)  
Ranch or other salad dressings  
Salsa 
Guacamole  
Mashed beans  
 
Protein:  
Deli meat  
Grilled chicken  
Cooked egg  
Sausage  
Roasted turkey or other meat  
Tuna  
Cheese  
Beans  
Tofu  
Veggie Burgers 
Egg salad (or chicken salad)  
Lentils  
 
Vegetables:  
Lettuce  
Spinach"
19,19,"1 cup brown sugar (white or light brown)
2 tsp baking soda
5 Tbsp vegetable oil
4 cups milk (whole milk)
3 large eggs
3 Tbsp vanilla extract
6 tsp cinnamon
6 tsp nutmeg, freshly grated
1/2 tsp salt
Walnuts, chopped 1 cup","wheat,Sugar,Milk,Vanilla essence,salt","Baking soda 1 tsp
Brown sugar 1 cup
Vanilla essence 1 tsp
Olive oil 1/2 cup
Milk 1 cup
Vinegar (you can also use  2 tsp
 lemon juice)
Banana (ripe) 3
Cardamon powder 1 tsp
Salt 1 tsp
Walnuts (optional) 1/2 cup
BACK TO INDEXBaking soda 1 tsp
Brown sugar 1 cup
Vanilla essence 1 tsp
Olive oil 1/2 cup
Milk 1 cup
Vinegar (you can also use  2 tsp
 lemon juice)
Banana (ripe) 3
Cardamon powder 1 tsp
Salt 1 tsp
Walnuts (optional) 1/2 cup
BACK TO INDEX"
20,20,"
Place all of these ingredients in a bowl with enough water to cover them. Bring the liquid to boil, then remove from heat and let it cool until it thickens. Then add more hot water, mix well and place dough in an oiled bowl. Cover with foil and leave for 24 hours, or overnight, if possible.""

Do you want me to generate a recipe using the ingredients provided?","Salt,dry yeast,Sugar,Olive oil,Mixed herbs,Chilli flakes,bell peppers","Baking soda 1 tsp
Brown sugar 1 cup
Vanilla essence 1 tsp
Olive oil 1/2 cup
Milk 1 cup
Vinegar (you can also use  2 tsp
 lemon juice)
Banana (ripe) 3
Cardamon powder 1 tsp
Salt 1 tsp
Walnuts (optional) 1/2 cup
BACK TO INDEXBaking soda 1 tsp
Brown sugar 1 cup
Vanilla essence 1 tsp
Olive oil 1/2 cup
Milk 1 cup
Vinegar (you can also use  2 tsp
 lemon juice)
Banana (ripe) 3
Cardamon powder 1 tsp
Salt 1 tsp
Walnuts (optional) 1/2 cup
BACK TO INDEX"
21,21,"
Mix cream, cream cheese, red color until well blended and frothy. Pour into ice cream maker and freeze according to manufacturer's instructions.""","Fresh cream,Cream cheese,Red colour",Brownie....................................................................................................................................................................Red Velvet Ice cream .........................................................................................................................................................Butterscotch IceBrownie....................................................................................................................................................................Red Velvet Ice cream .........................................................................................................................................................Butterscotch Ice
22,22,"Mix 2 cups of water, 1 teaspoon baking soda (dry) with sugar in a deep bowl. Whisk it well and let it sit at least 6 hours or overnight. Next, heat the oven to 350°F. Line an 8-inch square cake pan with parchment paper. Pour the batter into the prepared pan. You will have enough batter for a full-sized cake. Bake until golden brown at 40 minutes. Then take it out of the oven and let it cool. Next, you can make walnut cream sauce (optional).
Walnuts (optional) 1/2 cup (you may use either chopped or sliced walnuts). Mash the walnuts using a sp","Brown sugar,Powdered sugar,Vanilla essence,Maida,Baking soda,Corn,chocolate,Milk","Baking soda 1 tsp
Brown sugar 1 cup
Vanilla essence 1 tsp
Olive oil 1/2 cup
Milk 1 cup
Vinegar (you can also use  2 tsp
 lemon juice)
Banana (ripe) 3
Cardamon powder 1 tsp
Salt 1 tsp
Walnuts (optional) 1/2 cup
BACK TO INDEXBaking soda 1 tsp
Brown sugar 1 cup
Vanilla essence 1 tsp
Olive oil 1/2 cup
Milk 1 cup
Vinegar (you can also use  2 tsp
 lemon juice)
Banana (ripe) 3
Cardamon powder 1 tsp
Salt 1 tsp
Walnuts (optional) 1/2 cup
BACK TO INDEX"
23,23,"Clean and wash prawns in water. Drain completely. 
Dry them with a clean cloth or paper towel for about 5 minutes, after removing excess moisture. Add salt for marinating prawn","Jaggery,Red chilli powder,Onion,Black,salt,Ground Methi","½ capsicum + 1 green chilli + ½ cup  water measured in big sized coﬀee mug)Khaskhas/ poppy seeds paste (8-10 tsp  poppy seeds + ½ cup water  measured in big sized coﬀee mug)Onion paste 1 onion
Green chillies As per taste
Turmeric / haldi 1 tsp 
Salt {1 tsp salt for marinating prawns  3 tsp  and 2 tsp salt for cooking}Red chilli powder 1 tsp 
Mustard oil 2 tsp
Note
Cover the top with parchment paper to avoid ice crystal on top.
BACK TO INDEX½ capsicum + 1 green chilli + ½ cup  water measured in big sized coﬀee mug)Khaskhas/ poppy seeds paste (8-10 tsp  poppy seeds + ½ cup water  measured in big sized coﬀee mug)Onion paste 1 onion
Green chillies As per taste
Turmeric / haldi 1 tsp 
Salt {1 tsp salt for marinating prawns  3 tsp  and 2 tsp salt for cooking}Red chilli powder 1 tsp 
Mustard oil 2 tsp
Note
Cover the top with parchment paper to avoid ice crystal on top.
BACK TO INDEX"
24,24,"To make banana muffins without overmixing the batter (causes a dense, dry finish), creamy consistency for frosting, etc., gently fold flour into wet ingredients. ","Banana,Egg,Baking powder,Sugar","1 ¾ c flour  
¼ cup sugar or mashed ripe bananas  
2 tsp. baking powder  
½ tsp. salt  
¾ cup milk  
1/3 cup oil (or substitute with plain low -fat Greek or regular yogurt)  
1 egg lightly beaten1 ¾ c flour  
¼ cup sugar or mashed ripe bananas  
2 tsp. baking powder  
½ tsp. salt  
¾ cup milk  
1/3 cup oil (or substitute with plain low -fat Greek or regular yogurt)  
1 egg lightly beaten"
25,25,"Mix all dry ingredients together with a whisk until well combined. Then put the candy molds on a cookie sheet that has been covered in aluminum foil. Add the butter to the powdered sugar and mix it completely by hand, then pour the mixture into the mold.
Cover with plastic wrap and chill at room temperature overnight and enjoy!"", ""The recipe is a great way to make homemade chocolate covered marshmallows.""]","Powdered sugar,Baking soda,Baking powder,Dark chocolate,Aluminum foil,Butter,Milk","Sugar syrup 1/2 cup powdered sugar + 
   2 tsp lemon juice)
Baking powder 1 tsp 
Baking soda 1/4th tsp 
Cocoa powder 1 tsp 
Coﬀee powder 1 tsp 
Milk 3 cups 
Butter 1 cup 
BACK TO INDEXSugar syrup 1/2 cup powdered sugar + 
   2 tsp lemon juice)
Baking powder 1 tsp 
Baking soda 1/4th tsp 
Cocoa powder 1 tsp 
Coﬀee powder 1 tsp 
Milk 3 cups 
Butter 1 cup 
BACK TO INDEX"
26,26,Add all the ingredients to a bowl and mix well.,"Salt,Black pepper,Green chatni,coriander leaves,lemon juice,Ginger,garlic paste","½ capsicum + 1 green chilli + ½ cup  water measured in big sized coﬀee mug)Khaskhas/ poppy seeds paste (8-10 tsp  poppy seeds + ½ cup water  measured in big sized coﬀee mug)Onion paste 1 onion
Green chillies As per taste
Turmeric / haldi 1 tsp 
Salt {1 tsp salt for marinating prawns  3 tsp  and 2 tsp salt for cooking}Red chilli powder 1 tsp 
Mustard oil 2 tsp
Note
Cover the top with parchment paper to avoid ice crystal on top.
BACK TO INDEX½ capsicum + 1 green chilli + ½ cup  water measured in big sized coﬀee mug)Khaskhas/ poppy seeds paste (8-10 tsp  poppy seeds + ½ cup water  measured in big sized coﬀee mug)Onion paste 1 onion
Green chillies As per taste
Turmeric / haldi 1 tsp 
Salt {1 tsp salt for marinating prawns  3 tsp  and 2 tsp salt for cooking}Red chilli powder 1 tsp 
Mustard oil 2 tsp
Note
Cover the top with parchment paper to avoid ice crystal on top.
BACK TO INDEX"
27,27,"To make Tandoori Chicken you need to marinate chicken in a mixture of yogurt, lemon juice or vinegar, cumin seeds, garam masala, cayenne pepper and salt for at","Cooking oil,Butter,Cumin seeds,Chicken gizzard,Turmeric,Chicken tandoori masala,tomatoes,onions,green chillies,Coriander leaves,Ginger,Garlic","One full chicken (remove the skin) 1 kg
Cooking oil 2 tsp
Butter 3 -4 tsp
Cumin seeds/ shahi jeera 2 1/2 tsp
Chicken liver and gizzard 200 gm each
Turmeric/haldi 2 tsp
Chicken tandoori masala 2 tspChopped tomatoes 2
Chopped onions 2
Chopped green chillies 3 - 4
Coriander leaves Handful
Ginger 8 - 10 gm
Garlic 8 -10 gm
Mint leaves (optional) Handful
BACK TO INDEXOne full chicken (remove the skin) 1 kg
Cooking oil 2 tsp
Butter 3 -4 tsp
Cumin seeds/ shahi jeera 2 1/2 tsp
Chicken liver and gizzard 200 gm each
Turmeric/haldi 2 tsp
Chicken tandoori masala 2 tspChopped tomatoes 2
Chopped onions 2
Chopped green chillies 3 - 4
Coriander leaves Handful
Ginger 8 - 10 gm
Garlic 8 -10 gm
Mint leaves (optional) Handful
BACK TO INDEX"
28,28,"Dissolve 1 teaspoon of salt in 200ml water and bring to a boil.Add all the ingredients except pumpkin and cook for 30 minutes or until thickened.Mash slightly before adding pumpkin."",You can also add onion,garlic,ginger and chili powder to taste.""
Thank you!","Onion,Ginger,garlic,pumpkin,Vegetable stock,Chilli powder","Red chilli powder 1 tspHaldi 1/2 tsp
Dhaniya powder 3/4 tspCumin powder  1/2 tspGaram masala 1/4 tspGreen chillies  1-2
 (chopped)
Ginger 1 inch
Garlic 2-3 cloves
BACK TO INDEXRed chilli powder 1 tspHaldi 1/2 tsp
Dhaniya powder 3/4 tspCumin powder  1/2 tspGaram masala 1/4 tspGreen chillies  1-2
 (chopped)
Ginger 1 inch
Garlic 2-3 cloves
BACK TO INDEX"
29,29,"Mix sugar with vinegar in a large bowl; let it stand overnight. After 24 hours, add water and cardamom to the solution and mix well. Add fitkari and maida to the solution and mix until well combined. Pour mixture into a greased pan or loaf tray and bake at 300 degree Fahrenheit for one hour.""","Sugar,Vinegar,Water,Cardamom,Fitkari,Maida","Baking soda 1 tsp
Brown sugar 1 cup
Vanilla essence 1 tsp
Olive oil 1/2 cup
Milk 1 cup
Vinegar (you can also use  2 tsp
 lemon juice)
Banana (ripe) 3
Cardamon powder 1 tsp
Salt 1 tsp
Walnuts (optional) 1/2 cup
BACK TO INDEXBaking soda 1 tsp
Brown sugar 1 cup
Vanilla essence 1 tsp
Olive oil 1/2 cup
Milk 1 cup
Vinegar (you can also use  2 tsp
 lemon juice)
Banana (ripe) 3
Cardamon powder 1 tsp
Salt 1 tsp
Walnuts (optional) 1/2 cup
BACK TO INDEX"
30,30,Pour lime juice into a large resealable plastic bag. Add 2/3 cup up fat free Italian salad dressing and mix well. Pour 1 tsp garlic salt in a bowl and set,"Italian salad dressing,garlic,dried basil,dried thyme,salt,pepper,boneless chicken breasts","87 
 
 
 Lime Herb Chicken  
 
1 cup  lime juice  
2/3 c up fat free Italian salad dressing  
2 tsp. minced garlic (tsp. garlic salt)  
2 tsp. dried basil  
1 tsp. dried thyme  
½ tsp. salt  
½ tsp. pepper  
3-4 boneless, skinless chicken breasts  
 
1. In a bowl, c ombine first seven ingredients and mix well. Pour 1 cup marinade into a large 
reseal- able  plastic bag. A dd the chicken  to the mixture . Seal bag and turn to coat.87 
 
 
 Lime Herb Chicken  
 
1 cup  lime juice  
2/3 c up fat free Italian salad dressing  
2 tsp. minced garlic (tsp. garlic salt)  
2 tsp. dried basil  
1 tsp. dried thyme  
½ tsp. salt  
½ tsp. pepper  
3-4 boneless, skinless chicken breasts  
 
1. In a bowl, c ombine first seven ingredients and mix well. Pour 1 cup marinade into a large 
reseal- able  plastic bag. A dd the chicken  to the mixture . Seal bag and turn to coat."
31,31,"Instructions:

1. Heat milk over medium heat to 130°F. (This is very important because oats must be cooked in hot liquid.)
2. Remove from heat and add chia seeds, vanilla and salt. Stir until smooth.
3. Pour into a bowl with the following mix -ins (optional).
4. Serve as a breakfast bowl, cereal or snack.

This","sugar,whole wheat flour,orange juice","½ cup  rolled oats  
2/3 cup milk of choice (if using soy, rice, almond, or another non -dairy milk use unsweetened)  
1 tbsp. chia seeds or ground flax seeds  
½ tsp. vanilla extract  
Pinch of salt  
Up to 2 tbsp. honey or maple syrup  
 
Optional Mix -ins (these can be added before refrigerating or as toppings later) : 
Fruit (bananas, berries , peaches, apple chunks ) 
Nut butter  
Cocoa powder  
Coconut  
Nuts½ cup  rolled oats  
2/3 cup milk of choice (if using soy, rice, almond, or another non -dairy milk use unsweetened)  
1 tbsp. chia seeds or ground flax seeds  
½ tsp. vanilla extract  
Pinch of salt  
Up to 2 tbsp. honey or maple syrup  
 
Optional Mix -ins (these can be added before refrigerating or as toppings later) : 
Fruit (bananas, berries , peaches, apple chunks ) 
Nut butter  
Cocoa powder  
Coconut  
Nuts"
32,32,"Boil the spinach with water in a pressure cooker for 3-4 minutes. Then blend it to form a paste with green chilly and ginger. Add salt, garlic, cumin powder, coriander powder, and turmeric. Heat this mixture on low flame for 5-6 minutes until you smell the fragrance of spices. Add oil when done.""

This recipe is an easy and quick way to make spinach chutney using fresh ingredients.""","Spinach,Green chilly,Ginger,Garlic,Salt,Turmeric","Red chilli powder 1 tspHaldi 1/2 tsp
Dhaniya powder 3/4 tspCumin powder  1/2 tspGaram masala 1/4 tspGreen chillies  1-2
 (chopped)
Ginger 1 inch
Garlic 2-3 cloves
BACK TO INDEXRed chilli powder 1 tspHaldi 1/2 tsp
Dhaniya powder 3/4 tspCumin powder  1/2 tspGaram masala 1/4 tspGreen chillies  1-2
 (chopped)
Ginger 1 inch
Garlic 2-3 cloves
BACK TO INDEX"
33,33,"Heat jaggery till it melts completely, then add ghee and water; mix well. Pour in a hot pan greased with ghee.","Jaggery,Water,Ghee","269
Target Group and 
BenefitsIngredients
	 All	age	group	people
Method of Preparation
	 Heat	jaggery	till	it	melts.
	 Mix	all	ingredients 	into	melted	jaggery	after	
crushing.
	 Form	bars	from	the	mixture.
	 Store	and	pack. Jaggery
 Liq uid glucose
 Ghee
 Peanuts
 R oasted Bengal gram
 Corn flak es
 Puff ed rice
 Spirulina 
 Coc onut flakes
DEVELOPED BY
Centre of Food Science and Technology, IAS, BHU, Varanasi.HIGH PROTEIN SPIRULINA  BAR269
Target Group and 
BenefitsIngredients
	 All	age	group	people
Method of Preparation
	 Heat	jaggery	till	it	melts.
	 Mix	all	ingredients 	into	melted	jaggery	after	
crushing.
	 Form	bars	from	the	mixture.
	 Store	and	pack. Jaggery
 Liq uid glucose
 Ghee
 Peanuts
 R oasted Bengal gram
 Corn flak es
 Puff ed rice
 Spirulina 
 Coc onut flakes
DEVELOPED BY
Centre of Food Science and Technology, IAS, BHU, Varanasi.HIGH PROTEIN SPIRULINA  BAR"
34,34,"1 tsp bicarbonate of soda and 2 tsp vanilla essence can be mixed with one cup brown sugar; one cup of milk can be poured into a bowl where you mix well; pour into an oiled loaf pan; cook for 10 minutes at 350 degrees Fahrenheit until the cake is brown.

This recipe works better if you cut the banana into chunks first, then mash them with a fork, as this makes it easier to stir in the dry ingredients."",
""You can add one cup of chopped walnuts when cooking"",
""or one tsp. of cardamon powder.""]","Baking soda,Baking powder,Cooking oil,Powdered sugar,banana","Baking soda 1 tsp
Brown sugar 1 cup
Vanilla essence 1 tsp
Olive oil 1/2 cup
Milk 1 cup
Vinegar (you can also use  2 tsp
 lemon juice)
Banana (ripe) 3
Cardamon powder 1 tsp
Salt 1 tsp
Walnuts (optional) 1/2 cup
BACK TO INDEXBaking soda 1 tsp
Brown sugar 1 cup
Vanilla essence 1 tsp
Olive oil 1/2 cup
Milk 1 cup
Vinegar (you can also use  2 tsp
 lemon juice)
Banana (ripe) 3
Cardamon powder 1 tsp
Salt 1 tsp
Walnuts (optional) 1/2 cup
BACK TO INDEX"
